{
    "appid": 2001120,
    "name": "Split Fiction",
    "type": "Game",
    "schinese_name": "双影奇境",
    "isfreeapp": 0,
    "update_time": "2025-06-20 18:39:07",
    "change_number": 29666441,
    "depot": {
        "228989": {
            "config": {
                "oslist": "windows"
            },
            "depotfromapp": "228980",
            "sharedinstall": "1"
        },
        "228990": {
            "config": {
                "oslist": "windows"
            },
            "depotfromapp": "228980",
            "sharedinstall": "1"
        },
        "2001121": {
            "manifests": {
                "public": {
                    "gid": "4899075162680269256",
                    "size": "94109488417",
                    "download": "83385265472"
                }
            },
            "decryptionkey": "27f6aac2ce9d80ad4ed8fe3710d306ae108f00ddcf005d47ecf7bfa2a258964c"
        },
        "baselanguages": "english,german,french,italian,koreana,spanish,schinese,tchinese,japanese,polish,brazilian",
        "branches": {
            "public": {
                "buildid": "18353366",
                "timeupdated": "1748347136"
            }
        },
        "privatebranches": "1"
    }
}